ref,document,snapshot,start,end,text,sha256,backend_snapshot_utc,created_utc,first_request,first_ack_round,first_ack_utc,visible_rounds,shelf_restored_rounds,final_cited
e1,d21,25e42c9d9629a06063929aefe4e8f050cac2c095d797b7476410c1a6fe277c5a,0,3000,"---
title: Booker Prize - Wikipedia
author: Authority control databases National Germany United States France BnF data Czech Republic Israel
date: 2001-10-18
---
name: The Booker Prize
awarded_for: Best work of sustained fiction of the year, written in English and published in the UK or Ireland
reward: £50, 000
presenter: Booker, McConnell Ltd (1969–2001), Man Group (2002–2019), Crankstart (2019 onwards)
location: Somerset House, Strand, London, England
year: 1969
imagesize: 150px

The Booker Prize, formerly the Booker Prize for Fiction (1969–2001) and the Man Booker Prize (2002–2019), is a prestigious literary award conferred each year for the best single work of sustained fiction written in the English language, which was published in the United Kingdom or Ireland. The winner of the Booker Prize receives , as well as international publicity that usually leads to a significant sales boost. When the prize was created, only novels written by Commonwealth, Irish and South African (and later Zimbabwean) citizens were eligible to receive the prize; in 2014, eligibility was widened to any English-language novel—a change that proved controversial.

A five-person panel consisting of authors, publishers and journalists, as well as politicians, actors, artists and musicians, is appointed by the Booker Prize Foundation each year to choose the winning book. Gaby Wood has been the chief executive of the Booker Prize Foundation since 2015.Gaby Wood at The Booker Prizes.Jennifer (20 April 2015), ""Booker Prize Foundation Hints at New Direction with Appointment of Gaby Wood as Literary Director"", Books Live, Sunday Times (South Africa).

A high-profile literary award in British culture, the Booker Prize is greeted with anticipation and fanfare around the world. Literary critics have noted that it is a mark of distinction for authors to be selected for inclusion in the shortlist or to be nominated for the ""longlist"".

A sister prize, the International Booker Prize, is awarded for a work of fiction translated into English and published in the United Kingdom or Ireland. Unlike the Booker Prize, short story collections are eligible for the International Booker Prize. The £50,000 prize money is split evenly between the author and translator of the winning novel.

History and administration

The prize was established as the ""Booker Prize for Fiction"" after the company Booker, McConnell Ltd began sponsoring the event in 1969; it became commonly known as the ""Booker Prize"" or the ""Booker"". Jock Campbell, Charles Tyrrell and Tom Maschler were instrumental in establishing the prize.

When administration of the prize was transferred to the Booker Prize Foundation in 2002, the title sponsor became the investment company Man Group, which opted to retain ""Booker"" as part of the official title of the prize. The foundation is an independent registered charity funded by the entire profits of Booker Prize Trading Ltd, of which it is the sole shareholder. The prize money awarded w",8ce61c1087f7e5edc11d95aa8c819ec764b2f8d2e4c5ab64aaa81fda45d083cf,2026-09-15T16:00:42.757477+00:00,2026-09-15T16:00:42.770965+00:00,6,6,2026-09-15T16:00:46.406908+00:00,"[6,7,8,9,10,11,12,13,14,15,16]","[12,13,14,15,16]",False
