round,seq,utc,query,terms,expression,top_k,equivalence_key,cache_key,cached,returned_dN,returned_docids,result_docs
1,6,2026-09-15T14:27:26.490850+00:00,mosque capacity 150000 people interior area 400000 square feet,"[""mosque"",""capacity"",""150000"",""people"",""interior"",""area"",""400000"",""square"",""feet""]","""mosque"" OR ""capacity"" OR ""150000"" OR ""people"" OR ""interior"" OR ""area"" OR ""400000"" OR ""square"" OR ""feet""",5,b4f2df87e8b06aa31f0f4ae76506d6425330904a0eb4da5c06a1bf826f3a58fc,03690a35a7c4aeda0801c5361e94af0cb9bf80308de14ace2bee7fe2d2ba6488,False,"[""d1"",""d2"",""d3"",""d4"",""d5""]","[""38266"",""96357"",""39965"",""1823"",""68859""]","[{""docid"":""38266"",""score"":28.948031380558046,""snippet"":"" ... 420000 | Vulnerable |\n\n| Eastern Mari | 414211 | Definitely endangered |\n\n| Ingush | 405343 | Vulnerable |\n\n| Erzya | 400000 | Definitely endangered |\n\n| Ho | 400000 | Vulnerable |\n\n| Judezmo (Israel) | 400000 | Severely endangered |\n\n| Lalo | 400000 | Vulnerable |\n\n| Limousin | 400000 | Severely endangered |\n\n| Logudorese | 400000 | Definitely endangered |\n\n| Mapuche (Chile) | 400000 | Definitely endangered |\n\n| Central Náhuatl | 395581 | Vulnerable |\n\n| Moselle Franconian | 390000 | Vulnerable |\n\n| Bantawa | 371056 ... "",""title"":""https://www.theguardian.com/news/datablog/2011/apr/15/language-extinct-endangered""},{""docid"":""96357"",""score"":25.656931417333634,""snippet"":"" ... Legend has it that she wanted to create the largest mosque in the world. With an interior area of about 430,000 square feet, the mosque has a capacity of 175,000 people. Not only is the mosque the largest in the country, but it also happens to ... "",""title"":""https://lbb.in/mumbai/tajulmasjid-38246d/""},{""docid"":""39965"",""score"":25.152240749086292,""snippet"":"" ... Interior Minister Manuel Valls officially inaugurated the Grand Mosque of Strasbourg, the second-largest mosque ever built in France. The Strasbourg mega-mosque has a capacity of 1,300 square meters (14,000 square feet) and seats 1,500 worshippers, and is slightly smaller than the Grand Mosque ... "",""title"":""https://soerenkern.com/web/2013/01/02/islamization-france-2012/""},{""docid"":""1823"",""score"":24.848839914713523,""snippet"":"" ... The interior area of this place is about 430,000 square feet and has a capacity of 175,000 people. It is the largest mosque in the country, and happens to be the second largest mosque in Asia. Made of red stone, the mosque is situated by the ... "",""title"":""https://arushi21blog.wordpress.com/2017/08/08/history-of-architecture-taj-ul-masajid/""},{""docid"":""68859"",""score"":24.591665355719016,""snippet"":"" ... of the Washington Metropolitan area and covers over 20,000 square feet.\n\nMuch like the King Fahd Islamic Cultural Center in Buenos Aires, it functions as a learning complex with a guest house, a fellowship hall, and a recreational building.\n\nNasir al-Mulk Mosque\n\nWHERE: Shiraz, Iran\n\nThe ... "",""title"":""https://www.fodors.com/news/photos/15-of-the-worlds-most-beautiful-mosques""}]"
1,14,2026-09-15T14:27:27.303212+00:00,Imam Reza shrine mosque capacity area,"[""imam"",""reza"",""shrine"",""mosque"",""capacity"",""area""]","""imam"" OR ""reza"" OR ""shrine"" OR ""mosque"" OR ""capacity"" OR ""area""",5,ffd81d74e7cc97a8c46e55dedca56a55090efc79b2924d4e17e9f61e75664e7d,69e1d49d99963dfeab3cac30f9bf9b44136e610ed2e30e09855118baa1f8859c,False,"[""d6"",""d7"",""d8"",""d9"",""d10""]","[""81783"",""45789"",""27311"",""70227"",""49911""]","[{""docid"":""81783"",""score"":45.66937172977919,""snippet"":"" ... Imam Reza Shrine, Mashhad- 598,656 Square Meters\n\nLast but certainly not least, we round up this list with the largest mosque in the world; Imam Reza Shrine in Mashhad, Iran. This grandiose mosque is also the religious and spiritual center of Iran. It was built around the ... "",""title"":""https://passportsymphony.com/largest-mosques-in-the-world/""},{""docid"":""45789"",""score"":45.46256617009983,""snippet"":"" ... Imam Reza Shrine – Mashhad, Iran\n\nCapacity: 700,000 Area: 1,000,000 square meters Built: 818\n\nRanking in the 4th largest capacity, the Imam Reza Shrine is actually the largest by area. The shrine is a complex that includes many important buildings and artifacts for Shias. The mausoleum ... "",""title"":""https://www.beyondmydoor.com/largest-mosques-world/""},{""docid"":""27311"",""score"":40.697850401229196,""snippet"":"" ... List of mosques\n\n**Table 1**\n\n| Name | Image | Capacity | Area (m2) | City | Country | Year of first building | Denomination |\n|---|---|---|---|---|---|---|---|\n| Masjid al-Haram | 150px|center | | | Mecca | | | |\n| Prophet's Mosque | 150px|center | . mwn.gov.sa. Retrieved 10 March 2019. | | Medina | | | |\n| Imam Reza shrine | center|150x150px | | | Mashhad | | | |\n| Grand Jamia Mosque | center|150x150px | | 200 ... "",""title"":""https://en.wikipedia.org/wiki/List_of_largest_mosques""},{""docid"":""70227"",""score"":37.41619033563342,""snippet"":"" ... Al- Saleh Mosque has modern architecture and many houses for educational classes and libraries are on the campus of the Mosque. The main hall of this mosque can accommodate 44 thousand at a time.\n\nImam Reza Mausoleum, Iran\n\nImam Reza is another biggest mosque on the list which ... "",""title"":""https://www.travelogyindia.com/blog/largest-mosque-in-the-world/""},{""docid"":""49911"",""score"":34.16906960789558,""snippet"":"" ... When an elderly man said I should not enter the shrine as I am not a Muslim, the caretakers in the coats welcomed me in. It was explained to me that Imam Reza was known for his extreme generosity and tolerance and thus the shrine is open to ... "",""title"":""https://www.harvestingrainwater.com/2014/05/my-trip-to-iran-by-invitation-of-the-iranian-rainwater-catchment-systems-association/""}]"
1,22,2026-09-15T14:27:27.764613+00:00,mosque completed before 1990 capacity 150000,"[""mosque"",""completed"",""before"",""1990"",""capacity"",""150000""]","""mosque"" OR ""completed"" OR ""before"" OR ""1990"" OR ""capacity"" OR ""150000""",5,0c969b301eaf2d477352e51c3da85da0e29fd06263b8a02d2443bdaa70a9d1a1,03aa65a07931909aee3877279e05493d9d18a39df97e232a3370f5750fd12a43,False,"[""d11"",""d12"",""d13"",""d14"",""d15""]","[""83369"",""7838"",""52795"",""96936"",""10345""]","[{""docid"":""83369"",""score"":18.2668130817132,""snippet"":"" ... 100000 / 150000\n\n- Ante: 150000\n\nAndy Manchen Eliminated in 3rd Place ($54,749)\n\nCreated 5/12/2024 11:29:28 PM CST by Anthony ThompsonAndy Manchen raised all in from the small blind and MSPT champ Bobby Noel looked him up from the big blind.\n\nAndy Manchen:\n\nBobby Noel ... "",""title"":""https://msptpoker.com/Pages/LiveReport.aspx?EventID=422&dayID=470""},{""docid"":""7838"",""score"":15.991896013029619,""snippet"":"" ... In 1990, the Islamic Council of Iowa purchased the original building, and began the project of renovation and restoration of the old Mosque under the leadership of Imam Taha Tawil. It was completed on February 15th 1992, with a grand opening and celebration. \""The Mother Mosque is part ... "",""title"":""https://www.tourismcedarrapids.com/blog/the-mother-mosque-of-america/""},{""docid"":""52795"",""score"":15.78576517506238,""snippet"":"" ... Tajikistan begins Central Asia's biggest mosque\nauthor: Khayrullo Fayz\ndate: 2009-10-23\n---\n|\n\nBy Khayrullo Fayz\n\nBBC Central Asia service\n\n|\n\nThe mosque will hold 150,000 worshippers when completed\n\n|\n\nOn what now looks like an enormous car park in Tajikistan's capital, Dushanbe, work has begun on ... "",""title"":""http://news.bbc.co.uk/2/hi/8304970.stm""},{""docid"":""96936"",""score"":15.328722408701372,""snippet"":"" ... 2019-03-22\n---\n- Wooten Hall 143\n\n- vjm0007@unt.edu\n\n- (817) 257-6403 (Office)\n\n- \n\n-\n\nPhD, Ohio State University, 1990\n\nMajor: Political Science\n\nDissertation: \""Senior Citizens as an Emerging Force in American Politics\""\n\n-\n\nMPA, University of North Texas, 1983\n\nMajor: Public Administration\n\n-\n\nBS, University of North Texas, 1980\n\nMajor: Education ... "",""title"":""https://facultyinfo.unt.edu/faculty-profile?profile=vjm0007""},{""docid"":""10345"",""score"":15.245745715729786,""snippet"":"" ... The Russian capital may be home to almost two million Muslims — a greater number than any European city aside from Istanbul — but there are only four mosques serving the population.\n\nStreet Prayers\n\nThe opening of the 10,000 capacity glittering Cathedral Mosque on Prospekt Mira last year was ... "",""title"":""https://www.themoscowtimes.com/2016/07/13/turned-out-onto-the-streets-a54564""}]"
3,55,2026-09-15T14:27:36.032876+00:00,Taj-ul-Masajid Bhopal Wikipedia completion date construction,"[""taj"",""ul"",""masajid"",""bhopal"",""wikipedia"",""completion"",""date"",""construction""]","""taj"" OR ""ul"" OR ""masajid"" OR ""bhopal"" OR ""wikipedia"" OR ""completion"" OR ""date"" OR ""construction""",5,cd491455b2f7319a879711ae9dae39f772904e4408cdc731b827577907183c09,295fc2c04f3df9b9349379d513e9a7affcd819c54e8c62cdd998769bf7e40957,False,"[""d16"",""d17"",""d18"",""d19"",""d20""]","[""70534"",""56202"",""44812"",""56188"",""6743""]","[{""docid"":""70534"",""score"":63.32354720798251,""snippet"":"" ... Taj-ul-Masajid - Wikipedia\ndate: 2007-03-12\n---\nbuilding_name: Taj-ul-Masajid\nimage_upright: 1.4\nmap_type: India Madhya Pradesh\nmap_size: 250\nmap_relief: 1\nmap_caption: Location of the mosque and dargah in Madhya Pradesh\nlocation: Bhopal, Madhya Pradesh\ncountry: India\ncoordinates: 23.263 ... "",""title"":""https://en.wikipedia.org/wiki/Taj-ul-Masajid""},{""docid"":""56202"",""score"":59.80000347266206,""snippet"":"" ... Complete Guide to Taj-ul-Masajid, Bhopal, India's Largest Mosque\nauthor: Vasudevan R\ndate: 2020-05-07\n---\nTaj ul Masajid, the biggest mosque in India, that took over 100 years to build\n\nThe 5th Mughal emperor, Shah Jahan, alias Mohammed Khurram, moved his capital from Agra to ... "",""title"":""https://lemonicks.com/asia/india/madhya-pradesh/bhopal/complete-guide-taj-ul-masajid-the-largest-mosque-in-india/""},{""docid"":""44812"",""score"":52.538884242739904,""snippet"":"" ... File:Upper Lake & VIP Road, Bhopal.JPG|A view of the upper lake\nFile:Taj Mahal Bhopal.jpg | Taj Mahal main entrance back side \nFile:Lower Lake Bhopal.jpg|Lower Lake\nFile:Taj Ul Masajid, Bhopal.JPG|Taj-ul-Masajid gate\n\nNotable people\n\nPolitics, civil service, science\n\n*Iqbal ... "",""title"":""https://en.wikipedia.org/wiki/Bhopal""},{""docid"":""56188"",""score"":52.40714618044399,""snippet"":"" ... Taj-ul-Masajid (Bhopal)\n---\nTaj-ul-Masajid (Bhopal)\n\nIndia /\n\nMadhya Pradesh /\n\nBhopal /\n\nMotia Talab\n\nWorld\n\n/ India\n\n/ Madhya Pradesh\n\n/ Bhopal\n\nWorld / India / Madhya Pradesh / Bhopal\n\nMosque and adjacent motia lake in the north, and mosque's extension in the south. This is the biggest Mosque in India and one ... "",""title"":""https://wikimapia.org/506522/Taj-ul-Masajid""},{""docid"":""6743"",""score"":51.11044356422767,""snippet"":"" ... 23°15'19\""N 77°23'58\""E\n\n- Masjid Majhi Saheb 0.2 km\n\n- Taj-ul-Masjid 1.2 km\n\n- MASJID SHAHEEDAAN AND QABRISTAAAN 2 km\n\n- Masjid Eaishbag 2 km\n\n- Bhopal Eidgah 2.5 km\n\n- Soofia Masjid 3 km\n\n- Mandideep Eidgah 22 km\n\n- Eidgah And Dargah 59 km ... "",""title"":""https://wikimapia.org/524502/Moti-Masjid-the-Pearl-Mosque""}]"
3,63,2026-09-15T14:27:36.768359+00:00,Taj-ul-Masajid Bhopal nearby mosque hospital,"[""taj"",""ul"",""masajid"",""bhopal"",""nearby"",""mosque"",""hospital""]","""taj"" OR ""ul"" OR ""masajid"" OR ""bhopal"" OR ""nearby"" OR ""mosque"" OR ""hospital""",5,25311918adf442963b1fb34d23ab7c68dcbf435d0bce9f353f00d6780ee1a132,4770e5299fb31f1b8231fda5cfc4903e59ecc3e04e5cf82793f68268c21a96fc,False,"[""d19"",""d20"",""d17"",""d16"",""d8""]","[""56188"",""6743"",""56202"",""70534"",""27311""]","[{""docid"":""56188"",""score"":68.9411593107312,""snippet"":"" ... Taj-ul-Masajid (Bhopal)\n---\nTaj-ul-Masajid (Bhopal)\n\nIndia /\n\nMadhya Pradesh /\n\nBhopal /\n\nMotia Talab\n\nWorld\n\n/ India\n\n/ Madhya Pradesh\n\n/ Bhopal\n\nWorld / India / Madhya Pradesh / Bhopal\n\nMosque and adjacent motia lake in the north, and mosque's extension in the south. This is the biggest Mosque in India and one ... "",""title"":""https://wikimapia.org/506522/Taj-ul-Masajid""},{""docid"":""6743"",""score"":68.09498825983025,""snippet"":"" ... Bhopal\n\nWorld\n\n/ India\n\n/ Madhya Pradesh\n\n/ Bhopal\n\nWorld / India / Madhya Pradesh / Bhopal\n\npark, mosque\n\nSikander Jahan Begum of Bhopal during her rule built the Moti Masjid (meaning the Pearl Mosque).\n\nNearby cities:\n\nCoordinates: 23°15'19\""N 77°23'58\""E\n\n- Masjid Majhi Saheb 0.2 km\n\n- Taj-ul ... "",""title"":""https://wikimapia.org/524502/Moti-Masjid-the-Pearl-Mosque""},{""docid"":""56202"",""score"":66.55406494742141,""snippet"":"" ... Taj-ul-Masajid, the largest mosque in India, should be definitely on your list of things-to-do on your visit to Bhopal.\n\nMeasurements of Taj-ul-Masajid the largest mosque of India\n\nThe measurements show why Taj ul Masajid is the largest mosque in India.\n\nCourtyard – 99 ... "",""title"":""https://lemonicks.com/asia/india/madhya-pradesh/bhopal/complete-guide-taj-ul-masajid-the-largest-mosque-in-india/""},{""docid"":""70534"",""score"":66.31481746717787,""snippet"":"" ... Gallery\n\nTaj Ul Masajid, Bhopal.JPG|The mosque gate\nEntrance to Taj-ul Masajid.JPG|Entrance gate of the mosque\nTau-ul-Masajid Entrance gate.jpg|Exterior of the mosque\nTaj-ul-Masajid Aerial Photo.jpg|An aerial photo of the mosque\nTaj-ul Masajid outside.png|The ... "",""title"":""https://en.wikipedia.org/wiki/Taj-ul-Masajid""},{""docid"":""27311"",""score"":50.62324319275114,""snippet"":"" ... Al-Aqsa Mosque Compound | center|150x150px | | 150,000 | Jerusalem | | Pre-622 | |\n| Faisal Mosque | 150px|center | | | Islamabad | | | |\n| Astana Grand Mosque | 150px|center | 2 | 68,062 | Astana | | 2022 | |\n| Istiqlal Mosque | 150px|center | | 93,200 | Jakarta | | 1978 | |\n| Taj-ul-Masajid | 150px|center | | 23,000 | Bhopal | | 1901 | |\n| Jamkaran Mosque | 150px|center | | 370 ... "",""title"":""https://en.wikipedia.org/wiki/List_of_largest_mosques""}]"
3,66,2026-09-15T14:27:37.011130+00:00,Taj-ul-Masajid Bhopal Moti Masjid Hamidia Hospital,"[""taj"",""ul"",""masajid"",""bhopal"",""moti"",""masjid"",""hamidia"",""hospital""]","""taj"" OR ""ul"" OR ""masajid"" OR ""bhopal"" OR ""moti"" OR ""masjid"" OR ""hamidia"" OR ""hospital""",5,cbf0a54b985737f86486dd37a8ea1d1209068d99ee4bafaaa012f3625744584b,48a6db8ac12959d012ca7fcdcb09f2f9de3ec355083a24ca324aee8f50f700e7,False,"[""d20"",""d19"",""d17"",""d16"",""d8""]","[""6743"",""56188"",""56202"",""70534"",""27311""]","[{""docid"":""6743"",""score"":102.7586060028806,""snippet"":"" ... Bhopal\n\nWorld / India / Madhya Pradesh / Bhopal\n\npark, mosque\n\nSikander Jahan Begum of Bhopal during her rule built the Moti Masjid (meaning the Pearl Mosque).\n\nNearby cities:\n\nCoordinates: 23°15'19\""N 77°23'58\""E\n\n- Masjid Majhi Saheb 0.2 km\n\n- Taj-ul-Masjid 1.2 km\n\n- MASJID ... "",""title"":""https://wikimapia.org/524502/Moti-Masjid-the-Pearl-Mosque""},{""docid"":""56188"",""score"":84.4831711118956,""snippet"":"" ... Islami Gate Ground 1 km\n\n- Moti talab 0.2 km\n\n- Noor Mahal Lake 0.3 km\n\n- Munshi Husain Khan ka Talab 0.4 km\n\n- Baab-e-Aali Cricket Stadium, Shahjehanadbad, Bhopal. 0.4 km\n\n- Taj Mahal, Bhopal 0.4 km\n\n- Govt Hamidia Hospital and Gandhi Medical College 0 ... "",""title"":""https://wikimapia.org/506522/Taj-ul-Masajid""},{""docid"":""56202"",""score"":79.80919544859803,""snippet"":"" ... Masjid in Delhi and dedicated it to its people. It continued to be the biggest mosque in India for over 300 years till the time Taj ul Masajid (or Tajul Masajid) in Bhopal claimed that spot in the early 1970s. So presenting to you the amazing Taj-ul ... "",""title"":""https://lemonicks.com/asia/india/madhya-pradesh/bhopal/complete-guide-taj-ul-masajid-the-largest-mosque-in-india/""},{""docid"":""70534"",""score"":69.23883883192345,""snippet"":"" ... yes\n\nThe Taj-ul-Masajid (), also known as the Tāj-ul-Masjid (), is a Sunni mosque, affiliated with Tablighi Jamaat, part of the Deobandi movement, located in Bhopal, in the state of Madhya Pradesh, India. With capacity for worshippers, it is the largest mosque in India and, , was ... "",""title"":""https://en.wikipedia.org/wiki/Taj-ul-Masajid""},{""docid"":""27311"",""score"":54.75633481519968,""snippet"":"" ... 2 | 68,062 | Astana | | 2022 | |\n| Istiqlal Mosque | 150px|center | | 93,200 | Jakarta | | 1978 | |\n| Taj-ul-Masajid | 150px|center | | 23,000 | Bhopal | | 1901 | |\n| Jamkaran Mosque | 150px|center | | 370,000 | Qom | | | |\n| Egypt's Islamic Cultural Center (Masjid Misr Al Kabeer) | | 130,000 | 250,000 | New Administrative Capital | | 2023 | Sunni |\n| Djamaa ... "",""title"":""https://en.wikipedia.org/wiki/List_of_largest_mosques""}]"
5,94,2026-09-15T14:27:45.227627+00:00,Hamidia Hospital Bhopal established year history,"[""hamidia"",""hospital"",""bhopal"",""established"",""year"",""history""]","""hamidia"" OR ""hospital"" OR ""bhopal"" OR ""established"" OR ""year"" OR ""history""",5,93a16bf5e3cb2bd64eb13c9480d5dfda05a7413475917739d5986a169e142acb,2fdef2dd69ead223f299a7322ed892428f88ddc44dc379ba6af3ae62884f084f,False,"[""d21"",""d20"",""d19"",""d22"",""d18""]","[""57904"",""6743"",""56188"",""7496"",""44812""]","[{""docid"":""57904"",""score"":40.60297628784079,""snippet"":"" ... Hamidia overlooks the magnificent Grand Lake and has been designed around several notable historical and religious buildings within this precinct, all of which are integral to the urban fabric of the area.\n\nReferences\n\nCategory:Hospitals in Madhya Pradesh\nCategory:Buildings and structures in Bhopal\nCategory:Year of establishment ... "",""title"":""https://en.wikipedia.org/wiki/Hamidia_Hospital""},{""docid"":""6743"",""score"":36.53578890210011,""snippet"":"" ... Eaishbag 2 km\n\n- Bhopal Eidgah 2.5 km\n\n- Soofia Masjid 3 km\n\n- Mandideep Eidgah 22 km\n\n- Eidgah And Dargah 59 km\n\n- Eidgah, Tawanagar 95 km\n\n- Dargah Shareif Of Hazrat Baba Badakshani 107 km\n\n- Sindhi Market 0.5 km\n\n- Kamla Park 0.6 km\n\n- Hamidia Hospital 0.9 km ... "",""title"":""https://wikimapia.org/524502/Moti-Masjid-the-Pearl-Mosque""},{""docid"":""56188"",""score"":33.647533393284476,""snippet"":"" ... 0.4 km\n\n- Taj Mahal, Bhopal 0.4 km\n\n- Govt Hamidia Hospital and Gandhi Medical College 0.5 km\n\n- Saifia College Campus 0.7 km\n\n- Bada Baagh Qabristan 0.7 km\n\n- Eidgaah Hills 1.4 km\n\n- Bhojtal/Bada Talaab 6.2 km\n\nComments"",""title"":""https://wikimapia.org/506522/Taj-ul-Masajid""},{""docid"":""7496"",""score"":18.352842386033426,""snippet"":"" ... Local hospitals were soon overwhelmed with the injured, a crisis further compounded by a lack of knowledge of exactly what gas was involved and what its effects were [1]. It became one of the worst chemical disasters in history and the name Bhopal became synonymous with industrial catastrophe ... "",""title"":""https://pmc.ncbi.nlm.nih.gov/articles/PMC1142333/""},{""docid"":""44812"",""score"":15.901043794686068,""snippet"":"" ... People of Bhopal mostly visit these places during weekends. The weather is pleasant during and post monsoon. These places are surrounded by greenery throughout the year.\n\nTourist attractions\n\nTourist attractions in Bhopal:\n*Upper Lake (Bhopal) \n*Lower Lake (Bhopal) \n*Van Vihar National Park and Bhoj Wetland Ramsar Site\n*Museum ... "",""title"":""https://en.wikipedia.org/wiki/Bhopal""}]"
5,99,2026-09-15T14:27:46.015561+00:00,Moti Masjid Bhopal built year Sikander Jahan Begum,"[""moti"",""masjid"",""bhopal"",""built"",""year"",""sikander"",""jahan"",""begum""]","""moti"" OR ""masjid"" OR ""bhopal"" OR ""built"" OR ""year"" OR ""sikander"" OR ""jahan"" OR ""begum""",5,f63384695b77b10064b39aca9c303a5e97f8f50d0f6fa4ed4d09f9ef821a972b,14f48868546ed8a76c433df76844dc9520749f83289dd161468cea3ec1cfa954,False,"[""d20"",""d23"",""d17"",""d16"",""d24""]","[""6743"",""95802"",""56202"",""70534"",""36537""]","[{""docid"":""6743"",""score"":79.64017816272923,""snippet"":"" ... Moti Masjid (the Pearl Mosque) (Bhopal)\n---\nMoti Masjid (the Pearl Mosque) (Bhopal)\n\nIndia /\n\nMadhya Pradesh /\n\nBhopal\n\nWorld\n\n/ India\n\n/ Madhya Pradesh\n\n/ Bhopal\n\nWorld / India / Madhya Pradesh / Bhopal\n\npark, mosque\n\nSikander Jahan Begum of Bhopal during her rule built the Moti Masjid (meaning the Pearl Mosque).\n\nNearby cities:\n\nCoordinates: 23 ... "",""title"":""https://wikimapia.org/524502/Moti-Masjid-the-Pearl-Mosque""},{""docid"":""95802"",""score"":71.13401749273878,""snippet"":"" ... It was built by Sikander Begum, then ruler of Bhopal, in 1860. Sikander Begum was an incredibly progressive and forward-thinking woman of her time, who commissioned roads, bridges and other monuments like the Moti Masjid to be built in Bhopal. Due to the huge presence of umpteen ... "",""title"":""https://www.theislamicheritage.com/detail/Moti-Masjid""},{""docid"":""56202"",""score"":67.25887934631926,""snippet"":"" ... with boating facilities\n\n- Dhai Seedhi Masjid – Literally means Two-and-a-half-step mosque.\n\n- Madhya Pradesh Tribal Museum – Heritage museum, handicrafts and live performances of tribal dances.\n\n- Moti Masjid – Another beautiful mosque\n\n- Taj Mahal Palace – Originally built for Nawab Shah Jahan Begum, this palace contains the Sawan Bhadon ... "",""title"":""https://lemonicks.com/asia/india/madhya-pradesh/bhopal/complete-guide-taj-ul-masajid-the-largest-mosque-in-india/""},{""docid"":""70534"",""score"":55.47051944079416,""snippet"":"" ... History\n\nThe construction of the Taj-ul-Masajid was started by Nawab Shah Jahan Begum of Bhopal, in the newly built walled suburb of Shahjahanabad. The exact year when construction was started is unclear; Sharma estimated it to be 1871. The Bhopal-based journalist and the author of ... "",""title"":""https://en.wikipedia.org/wiki/Taj-ul-Masajid""},{""docid"":""36537"",""score"":48.09667971835022,""snippet"":"" ... Nawab Sikander Begum of Bhopal; Nawab Sikander's daughter, Shah Jahan Begum of Bhopal; and Queen Mary, consort of George V.\n* The last Grand Master of the Order, Admiral of the Fleet Lord Mountbatten of Burma (1900–1979), was assassinated by the Provisional IRA on 27 August 1979 ... "",""title"":""https://en.wikipedia.org/wiki/Order_of_the_Star_of_India""}]"
5,104,2026-09-15T14:27:46.832400+00:00,Taj Mahal Bhopal palace built year mosque,"[""taj"",""mahal"",""bhopal"",""palace"",""built"",""year"",""mosque""]","""taj"" OR ""mahal"" OR ""bhopal"" OR ""palace"" OR ""built"" OR ""year"" OR ""mosque""",5,71693ab48855c192d3294bcf12f66d0148f421b27418a06afcfaaf1ae3fb25cc,ed78094a70eeeb92a0f09107bdc8b75f1b0479c8b07ff5bc8ac224df8ff5bf7f,False,"[""d17"",""d16"",""d19"",""d18"",""d25""]","[""56202"",""70534"",""56188"",""44812"",""6369""]","[{""docid"":""56202"",""score"":55.454107094975285,""snippet"":"" ... of the Taj Mahal Palace, also built by Shah Jahan Begum, as her own residence.\n\nTaj-ul-Masajid, the largest mosque in India, should be definitely on your list of things-to-do on your visit to Bhopal.\n\nMeasurements of Taj-ul-Masajid the largest mosque of India ... "",""title"":""https://lemonicks.com/asia/india/madhya-pradesh/bhopal/complete-guide-taj-ul-masajid-the-largest-mosque-in-india/""},{""docid"":""70534"",""score"":47.00207444147383,""snippet"":"" ... With capacity for worshippers, it is the largest mosque in India and, , was the ninth largest mosque in the world.\n\nHistory\n\nThe construction of the Taj-ul-Masajid was started by Nawab Shah Jahan Begum of Bhopal, in the newly built walled suburb of Shahjahanabad. The exact year ... "",""title"":""https://en.wikipedia.org/wiki/Taj-ul-Masajid""},{""docid"":""56188"",""score"":44.710752033410934,""snippet"":"" ... Taj-ul-Masajid (Bhopal)\n---\nTaj-ul-Masajid (Bhopal)\n\nIndia /\n\nMadhya Pradesh /\n\nBhopal /\n\nMotia Talab\n\nWorld\n\n/ India\n\n/ Madhya Pradesh\n\n/ Bhopal\n\nWorld / India / Madhya Pradesh / Bhopal\n\nMosque and adjacent motia lake in the north, and mosque's extension in the south. This is the biggest Mosque in India and one ... "",""title"":""https://wikimapia.org/506522/Taj-ul-Masajid""},{""docid"":""44812"",""score"":40.86328881264038,""snippet"":"" ... Architecture\n\nThe Nawabs of Bhopal built several structures including the Taj-ul-Masajid and Taj Mahal palace in Indo-Islamic and European styles.\n\nBharat Bhavan is the main cultural centre of the city, and hosts many theatre and film festivals every year. It has an art gallery, an ... "",""title"":""https://en.wikipedia.org/wiki/Bhopal""},{""docid"":""6369"",""score"":40.82373072638101,""snippet"":"" ... mosque, tomb and cloistered spaces on the others.\n\nAerial view of Soneri Mahal. (Picture Credits: Rushikesh Hoshing)\n\nInterior of Soneri Mahal. (Picture Credits: Anil Purohit)\n\nInterior of Soneri Mahal. (Picture Credits: Anil Purohit)\n\nThe Dr Babasaheb Ambedkar Marathwada University grounds houses the Soneri Mahal (Golden Palace), built by ... "",""title"":""http://www.sahapedia.org/architecture-chhatrapati-sambhajinagar""}]"
